<application>
  <component name="GoSdkList">
    <sdk-url>
      <set>
        <option value="" />
        <option value="file://" />
        <option value="file:///usr/local/Cellar/go/1.13.4/libexec" />
        <option value="file:///usr/local/Cellar/go/1.14.2_1/libexec" />
        <option value="file:///usr/local/Cellar/go/1.14.4/libexec" />
        <option value="file:///usr/local/Cellar/go/1.15.7/libexec" />
        <option value="file:///usr/local/Cellar/go/1.17.1/libexec" />
        <option value="file:///usr/local/Cellar/go@1.14/1.14.15/libexec" />
      </set>
    </sdk-url>
  </component>
</application>