<application>
  <component name="FileTypeManager" version="18">
    <extensionMap>
      <mapping pattern="Dokerfile" type="AUTO_DETECTED" />
      <mapping pattern="env" type="PLAIN_TEXT" />
      <mapping ext="bak" type="PLAIN_TEXT" />
      <mapping ext="example" type="PLAIN_TEXT" />
      <mapping ext="stub" type="PLAIN_TEXT" />
      <mapping ext="dev" type="PLAIN_TEXT" />
      <mapping ext="map" type="PLAIN_TEXT" />
      <mapping ext="res" type="PLAIN_TEXT" />
      <mapping ext="excample" type="PLAIN_TEXT" />
      <removed_mapping ext="ignore" approved="true" type="IgnoreLang file" />
    </extensionMap>
  </component>
</application>